Workbook

Sheet Ligne ouvert
A1: ligne 1/4 d'onde | C1: ligne 1/2 d'onde | F1: Nb = 6 spires | G1: D / mm | H1: hauteur spires /mm ±0,5 | I1: offset de /mm | J1: mu 0 | K1: f | M1: rayon a / mm ± 0,5 | N1: Z0 | O1: Lambda mesuré
A2: Nœud dif potentiel | B2: Ventre dif potentiel | C2: Tension induite nœud | D2: Tension induite ventre | F2: 6 | G2: 20 | H2: 4 | I2: 40 | J2: =4*PI()*10^-7 -> 1.2566371e-06 | K2: =433.92*10^6 -> 433920000 | M2: 2 | N2: =(377/PI())*LN((G5-M4)/M4) -> 263.67316 | O2: 62
A3: 28 | B3: 13 | C3: 8 | D3: 23 | G3: ±1 | H3: diam bobine / mm ±0,5 | I3: ±0,3 | M3: a / m
A4: 62 | B4: 45 | C4: 38 | D4: 58 | G4: D / m | H4: 7.5 | M4: =M2*10^-3 -> 0.002 | O4: Lambda / 4
B5: 68 | C5: 78 | G5: =G2*10^-3 -> 0.02 | H5: Sb | O5: =O2/4 -> 15.5
A6: Ces mesures sont très approximatives, ca change tous le temps et dur de mesurer la distance précisement. L'inclinaison et le coté par lequel on mesure, impact la mesure | H6: =PI()*((H4*10^-3)/2)^2 -> 4.4178647e-05
H8: intervalle mesurée | I8: centre de la regle de 1m à 16,2 + offset de 1,5
A9: Mesure entre les 2 barres de la ligne de Lecher / mm ±0,5 | B9: Mesure entre les 2 fils Lecher (centre a centre) / mm ±1 | F9: Mesures | H9: 33,8 - 80,8
A10: 16.5 | B10: 20 | F10: Position / mm ±1 | G10: Tension / mV ±1 | H10: Position regle 1 m | J10: Ieff / mA | K10: Ueff AB / mV | N10: Il faut déterminer la longueur d'onde et l'onde stationnaire encore
F11: 47 | G11: 40 | H11: =F11+33.8 -> 80.8 | J11: =(G11*G$5)/(4*J$2*F$2*H$6*K$2) -> 1.3837155 | K11: =N$2*10^-3*J11 -> 0.36484864
F12: 45 | G12: 63 | H12: =F12+33.8 -> 78.8 | J12: =(G12*G$5)/(4*J$2*F$2*H$6*K$2) -> 2.1793519 | K12: =N$2*10^-3*J12 -> 0.57463661
F13: 43 | G13: 94 | H13: =F13+33.8 -> 76.8 | J13: =(G13*G$5)/(4*J$2*F$2*H$6*K$2) -> 3.2517314 | K13: =N$2*10^-3*J13 -> 0.8573943
F14: 41 | G14: 123 | H14: =F14+33.8 -> 74.8 | J14: =(G14*G$5)/(4*J$2*F$2*H$6*K$2) -> 4.2549252 | K14: =N$2*10^-3*J14 -> 1.1219096
F15: 39 | G15: 152 | H15: =F15+33.8 -> 72.8 | J15: =(G15*G$5)/(4*J$2*F$2*H$6*K$2) -> 5.2581189 | K15: =N$2*10^-3*J15 -> 1.3864248
F16: 37 | G16: 175 | H16: =F16+33.8 -> 70.8 | J16: =(G16*G$5)/(4*J$2*F$2*H$6*K$2) -> 6.0537553 | K16: =N$2*10^-3*J16 -> 1.5962128
F17: 35 | G17: 192 | H17: =F17+33.8 -> 68.8 | J17: =(G17*G$5)/(4*J$2*F$2*H$6*K$2) -> 6.6418344 | K17: =N$2*10^-3*J17 -> 1.7512735
F18: 33 | G18: 203 | H18: =F18+33.8 -> 66.8 | J18: =(G18*G$5)/(4*J$2*F$2*H$6*K$2) -> 7.0223562 | K18: =N$2*10^-3*J18 -> 1.8516068
F19: 31 | G19: 198 | H19: =F19+33.8 -> 64.8 | J19: =(G19*G$5)/(4*J$2*F$2*H$6*K$2) -> 6.8493917 | K19: =N$2*10^-3*J19 -> 1.8060008
F20: 29 | G20: 186 | H20: =F20+33.8 -> 62.8 | J20: =(G20*G$5)/(4*J$2*F$2*H$6*K$2) -> 6.4342771 | K20: =N$2*10^-3*J20 -> 1.6965462
F21: 27 | G21: 166 | H21: =F21+33.8 -> 60.8 | J21: =(G21*G$5)/(4*J$2*F$2*H$6*K$2) -> 5.7424193 | K21: =N$2*10^-3*J21 -> 1.5141219
F22: 25 | G22: 138 | H22: =F22+33.8 -> 58.8 | J22: =(G22*G$5)/(4*J$2*F$2*H$6*K$2) -> 4.7738185 | K22: =N$2*10^-3*J22 -> 1.2587278
... F28: 13 | G28: 25 | H28: =F28+33.8 -> 46.8 | J28: =(G28*G$5)/(4*J$2*F$2*H$6*K$2) -> 0.86482219 | K28: =N$2*10^-3*J28 -> 0.2280304
F29: 11 | G29: 61 | H29: =F29+33.8 -> 44.8 | J29: =(G29*G$5)/(4*J$2*F$2*H$6*K$2) -> 2.1101661 | K29: =N$2*10^-3*J29 -> 0.55639418 | N29: Il faut décaler U de Lambda / 4
F30: 9 | G30: 96 | H30: =F30+33.8 -> 42.8 | J30: =(G30*G$5)/(4*J$2*F$2*H$6*K$2) -> 3.3209172 | K30: =N$2*10^-3*J30 -> 0.87563673 | N30: Faire un fit seulon le cos(kx) ou sin(kx) et extraire la longueur d'onde
F31: 7 | G31: 131 | H31: =F31+33.8 -> 40.8 | J31: =(G31*G$5)/(4*J$2*F$2*H$6*K$2) -> 4.5316683 | K31: =N$2*10^-3*J31 -> 1.1948793 | N31: K=2pi/lambda ( c'est le nombre d'onde)
F32: 5 | G32: 165 | H32: =F32+33.8 -> 38.8 | J32: =(G32*G$5)/(4*J$2*F$2*H$6*K$2) -> 5.7078264 | K32: =N$2*10^-3*J32 -> 1.5050006
F33: 3 | G33: 192 | H33: =F33+33.8 -> 36.8 | J33: =(G33*G$5)/(4*J$2*F$2*H$6*K$2) -> 6.6418344 | K33: =N$2*10^-3*J33 -> 1.7512735
F34: 1 | G34: 113 | H34: =F34+33.8 -> 34.8 | J34: =(G34*G$5)/(4*J$2*F$2*H$6*K$2) -> 3.9089963 | K34: =N$2*10^-3*J34 -> 1.0306974
H35: =F35+33.8 -> 33.8
E36: Nœud | F36: 15.6 | G36: 0.4 | H36: =F36+33.8 -> 49.4
E37: Ventre | F37: 33.3 | G37: 207 | H37: =F37+33.8 -> 67.1
J48: La deuxieme analyse est exactement la meme que la premiere

Sheet Ligne fermée
A1: ligne 1/4 d'onde | C1: ligne 1/2 d'onde | F1: Nb = 6 spires | G1: D / mm | H1: hauteur spires /mm ±0,5 | I1: offset de /mm
A2: Nœud dif potentiel | B2: Ventre dif potentiel | C2: Tension induite nœud | D2: Tension induite ventre | F2: 6 | G2: 2 | H2: 4 | I2: 40
A3: 25 | B3: 15 | C3: 5 | D3: 25 | G3: ±0,1 | H3: diam bobine / mm ±0,5 | I3: ±0,3
A4: 60 | B4: 45 | C4: 60 | D4: 40 | H4: 7.5
A5: 95 | B5: 78 | C5: 90 | D5: 75 | H5: Sb
A6: Ces mesures sont très approximatives, ca change tous le temps et dur de mesurer la distance précisement. L'inclinaison et le coté par lequel on mesure, impact la mesure | H6: =PI()*((H4*10^-3)/2)^2 -> 4.4178647e-05
A9: Mesure entre les 2 barres de la ligne de Lecher / mm ±0,5 | B9: Mesure entre les 2 fils Lecher (centre a centre) / mm ±1 | F9: Mesures
A10: 16.5 | B10: 20 | F10: Position / mm ±1 | G10: Tension / mV ±1 | H10: Position règle 1m | J10: 1
F11: 47 | G11: 22 | H11: ='Ligne fermée'!F11+33.8 -> 80.8 | J11: 2
F12: 45 | G12: 55.5 | H12: ='Ligne fermée'!F12+33.8 -> 78.8 | J12: 3
F13: 43 | G13: 92 | H13: ='Ligne fermée'!F13+33.8 -> 76.8 | J13: 4
F14: 41 | G14: 131 | H14: ='Ligne fermée'!F14+33.8 -> 74.8 | J14: 5
F15: 39 | G15: 165 | H15: ='Ligne fermée'!F15+33.8 -> 72.8 | J15: 6
F16: 37 | G16: 192 | H16: ='Ligne fermée'!F16+33.8 -> 70.8 | J16: 7
F17: 35 | G17: 212 | H17: ='Ligne fermée'!F17+33.8 -> 68.8 | J17: 8
F18: 33 | G18: 221 | H18: ='Ligne fermée'!F18+33.8 -> 66.8 | J18: 9
F19: 31 | G19: 218 | H19: ='Ligne fermée'!F19+33.8 -> 64.8 | J19: 10
F20: 29 | G20: 206 | H20: ='Ligne fermée'!F20+33.8 -> 62.8 | J20: 11
F21: 27 | G21: 186 | H21: ='Ligne fermée'!F21+33.8 -> 60.8 | J21: 12
F22: 25 | G22: 160 | H22: ='Ligne fermée'!F22+33.8 -> 58.8 | J22: 13
... F34: 1 | G34: 207 | H34: ='Ligne fermée'!F34+33.8 -> 34.8 | J34: 25
H35: ='Ligne fermée'!F35+33.8 -> 33.8 | J35: 26
E36: Nœud | F36: 15 | G36: 1 | H36: ='Ligne fermée'!F36+33.8 -> 48.8 | J36: 27
E37: Ventre | F37: 33 | G37: 221 | H37: ='Ligne fermée'!F37+33.8 -> 66.8 | J37: 28
J38: 29
J39: 30
J40: 31
J41: 32
J42: 33
J43: 34
J44: 35
J45: 36
J46: 37
J47: 38
J48: 39
J49: 40
... J142: 133
